,centers
0,"[-11004882.59516007, 2232500.8213149086]"
1,"[-11004533.344461568, 2232445.7878715084]"
2,"[-11004499.477727167, 2232450.021213308]"
3,"[-11004459.260980068, 2232456.371226008]"
4,"[-11004370.360802267, 2232500.8213149086]"
5,"[-11004364.010789568, 2232447.9045424084]"
6,"[-11004215.843826566, 2232632.054910709]"
7,"[-11004085.668566214, 2232611.417369434]"
8,"[-11004282.518959915, 2232768.58018376]"
9,"[-11004431.744258367, 2232814.617775835]"
10,"[-11004479.369353617, 2232868.5928837853]"
11,"[-11003976.13084714, 2233060.680767961]"
12,"[-11005213.430821735, 2232595.224837048]"
13,"[-11005284.86846461, 2232542.837232273]"
14,"[-11005505.531405937, 2232787.312721224]"
15,"[-11005538.86897261, 2232800.0127466237]"
16,"[-11005530.931456735, 2232831.762810124]"
17,"[-11005503.94390276, 2232817.475281549]"
18,"[-11006058.379386634, 2232834.540940681]"
19,"[-11005959.954189783, 2233044.0913597816]"
20,"[-11005956.779183432, 2233080.6039328068]"
21,"[-11005982.179234233, 2233310.791893183]"
22,"[-11006007.579285033, 2233259.9917915827]"
23,"[-11006017.104304083, 2233193.3166582324]"
24,"[-11006044.09185806, 2233217.1292058574]"
25,"[-11006083.779437434, 2233240.9417534824]"
26,"[-11006139.34204856, 2233120.291512182]"
27,"[-11006094.891959658, 2233102.828977257]"
28,"[-11006296.504862884, 2233120.291512182]"
29,"[-11006272.69231526, 2233169.5041106073]"
30,"[-11006252.054773984, 2233204.4291804573]"
31,"[-11006209.19218826, 2233642.580056759]"
32,"[-11006233.004735883, 2233596.5424646838]"
33,"[-11006294.91735971, 2233566.3799043586]"
34,"[-11005822.740998683, 2233964.4198671053]"
35,"[-11005534.873756282, 2233788.7361824047]"
36,"[-11005412.106844082, 2233767.5694734044]"
37,"[-11005414.223514982, 2233710.4193591042]"
38,"[-11005359.190071583, 2233706.1860173047]"
39,"[-11005435.390223982, 2233594.002459604]"
40,"[-11005395.173476882, 2233600.352472304]"
41,"[-11005352.840058882, 2233617.285839504]"
42,"[-11005361.306742482, 2233651.152573904]"
43,"[-11005141.172968881, 2233644.8025612044]"
44,"[-11005488.306996483, 2233968.6532089054]"
45,"[-11005435.390223982, 2234146.453564506]"
46,"[-11005357.073400682, 2234167.6202735063]"
47,"[-11005280.873248281, 2233790.8528533047]"
48,"[-11005299.923286382, 2233714.6527009043]"
49,"[-11005109.422905382, 2233841.652954905]"
50,"[-11005115.77291808, 2233767.5694734044]"
51,"[-11004971.839296881, 2233534.7356744036]"
52,"[-11004912.57251168, 2233818.369575005]"
53,"[-11004893.522473581, 2233894.569727405]"
54,"[-11004853.30572648, 2233856.469651205]"
55,"[-11004806.73896668, 2234154.920248106]"
56,"[-11004830.02234658, 2233619.402510404]"
57,"[-11004838.48903018, 2233509.335623604]"
58,"[-11004855.42239738, 2233488.1689146035]"
59,"[-11004857.53906828, 2233454.3021802036]"
60,"[-11004783.45558678, 2233437.3688130034]"
61,"[-11004709.37210528, 2233469.118876504]"
62,"[-11004696.67207988, 2233435.2521421034]"
63,"[-11004739.00549788, 2233553.785712504]"
64,"[-11004591.632286463, 2234104.384730363]"
65,"[-11004556.707216613, 2234083.747189088]"
66,"[-11004507.494618189, 2234075.809673213]"
67,"[-11004469.394541988, 2234078.984679563]"
68,"[-11004491.619586438, 2234185.347392288]"
69,"[-11004337.631778462, 2234140.897303388]"
70,"[-11004043.943691086, 2233632.8962873863]"
71,"[-11004088.393779987, 2233523.3585683107]"
72,"[-11004074.106251411, 2233505.896033386]"
73,"[-11004147.131397462, 2233386.83329526]"
74,"[-11004183.643970488, 2233409.0583397103]"
75,"[-11004263.019129237, 2233357.6232368434]"
76,"[-11004258.256619712, 2233338.573198743]"
77,"[-11003956.313515829, 2233171.8853653674]"
78,"[-11003688.025479253, 2233262.3730463427]"
79,"[-11003822.963249128, 2233371.9107654183]"
80,"[-11003784.863172928, 2233386.1982939932]"
81,"[-11003802.325707853, 2233443.3484082934]"
82,"[-11003884.875872953, 2233402.0733257434]"
83,"[-11003881.700866604, 2233444.9359114687]"
84,"[-11003872.175847555, 2233470.3359622685]"
85,"[-11003886.463376129, 2233489.3860003687]"
86,"[-11003926.150955504, 2233683.0613877196]"
87,"[-11003943.613490429, 2234052.949627496]"
88,"[-11003922.975949153, 2234062.474646546]"
89,"[-11003756.288115779, 2234033.8995893956]"
90,"[-11003786.450676104, 2234141.849805296]"
91,"[-11003521.655146515, 2233475.098471794]"
92,"[-11003399.417402038, 2233429.0608797185]"
93,"[-11003353.379809964, 2233448.1109178187]"
94,"[-11003288.292179788, 2233443.3484082934]"
95,"[-11003261.304625813, 2233459.2234400436]"
96,"[-11003212.092027389, 2233973.5744687454]"
97,"[-11003108.904321013, 2234054.5371306706]"
98,"[-11003144.226266656, 2233841.282537495]"
99,"[-11003013.654130513, 2233954.524430645]"
100,"[-11002950.154003512, 2233946.5869147703]"
101,"[-11002551.055705318, 2233897.374316345]"
102,"[-11002609.793322794, 2233870.38676237]"
103,"[-11002571.693246594, 2233856.099233795]"
104,"[-11002582.805768818, 2233794.18660997]"
105,"[-11002560.580724368, 2233716.3989543947]"
106,"[-11002400.242903693, 2233743.38650837]"
107,"[-11002433.580470368, 2233686.2363940696]"
108,"[-11002438.342979893, 2233616.3862543693]"
109,"[-11002705.043513294, 2233579.873681344]"
110,"[-11002636.780876769, 2233575.111171819]"
111,"[-11002695.518494243, 2233541.7736051437]"
112,"[-11002716.156035518, 2233508.436038469]"
113,"[-11002665.355933918, 2233511.611044819]"
114,"[-11002628.843360893, 2233416.3608543184]"
115,"[-11002563.755730718, 2233424.298370193]"
116,"[-11002271.655146517, 2233475.098471794]"
117,"[-11002249.430102067, 2233529.073579744]"
118,"[-11002171.642446492, 2233570.348662294]"
119,"[-11002131.954867117, 2233595.7487130943]"
120,"[-11002104.96731314, 2233676.7113750195]"
121,"[-11001863.402246678, 2233738.359414982]"
122,"[-11001955.47743083, 2233544.6840276318]"
123,"[-11001899.914819704, 2233427.2087926813]"
124,"[-11001911.027341928, 2233374.821187906]"
125,"[-11001841.177202228, 2233430.3837990314]"
126,"[-11001726.876973629, 2233487.5339133316]"
127,"[-11001760.214540303, 2233297.0335323308]"
128,"[-11001682.426884728, 2233424.0337863313]"
129,"[-11001647.501814878, 2233314.4960672557]"
130,"[-11001823.714667303, 2233676.446791157]"
131,"[-11001731.639483154, 2233754.2344467323]"
132,"[-11001696.714413304, 2233730.4218991073]"
133,"[-11001707.826935528, 2233687.559313382]"
134,"[-11001614.164248204, 2233808.2095546825]"
135,"[-11001553.839127554, 2233790.7470197575]"
136,"[-11001547.489114853, 2233679.621797507]"
137,"[-11001566.539152954, 2233660.571759407]"
138,"[-11001509.389038652, 2233674.8592879823]"
139,"[-11001507.801535478, 2233643.109224482]"
140,"[-11001498.276516428, 2233709.7843578323]"
141,"[-11001444.301408477, 2233728.8343959325]"
142,"[-11001466.526452927, 2233703.434345132]"
143,"[-11001464.938949753, 2233660.571759407]"
144,"[-11001433.188886253, 2233646.284230832]"
145,"[-11001514.151548177, 2233400.2212387063]"
146,"[-11001501.451522777, 2233371.646181556]"
147,"[-11001530.026579928, 2233285.921010106]"
148,"[-11001450.651421178, 2233254.1709466055]"
149,"[-11001426.838873552, 2233235.1209085053]"
150,"[-11001218.558456993, 2233011.28296083]"
151,"[-11001105.26364707, 2234375.00110492]"
152,"[-11001103.940727757, 2234352.511476608]"
153,"[-11001064.253148383, 2234488.7721657953]"
154,"[-11001614.587582383, 2234500.678439608]"
155,"[-11001619.879259633, 2234683.2413047333]"
156,"[-11001654.275161758, 2234689.855901296]"
157,"[-11001602.681308571, 2234664.7204343583]"
158,"[-11001561.670809884, 2234865.804169859]"
159,"[-11000563.660480531, 2234613.126581171]"
160,"[-11000399.61848578, 2234549.626454171]"
161,"[-11000209.11810478, 2234785.1060917964]"
162,"[-10999666.721186653, 2234425.272038795]"
163,"[-10999558.241803028, 2234467.6054567955]"
164,"[-10999592.637705153, 2234520.5222292957]"
165,"[-10999756.679699903, 2234660.751676421]"
166,"[-11000930.373713957, 2235070.8566632974]"
167,"[-11001152.624158459, 2235015.2940521725]"
168,"[-11001210.832608208, 2235092.0233722976]"
169,"[-11001099.707385957, 2235240.1903352984]"
170,"[-11001800.854621585, 2234548.568118719]"
171,"[-11001978.12580946, 2234590.901536719]"
172,"[-11001885.521457586, 2234794.6311108447]"
173,"[-11001880.229780335, 2234821.089497095]"
174,"[-11001795.562944336, 2234850.19372197]"
175,"[-11001755.875364961, 2234948.089751095]"
176,"[-11001750.58368771, 2235014.2357167206]"
177,"[-11001650.04181996, 2234995.7148463456]"
178,"[-11001636.812626835, 2234990.4231690955]"
179,"[-11001425.145536834, 2234974.5481373454]"
180,"[-11001382.812118834, 2235032.7565870956]"
181,"[-11001430.437214084, 2235085.6733595957]"
182,"[-11001422.499698209, 2235117.4234230956]"
183,"[-11001499.229018334, 2235035.4024257204]"
184,"[-11001525.687404584, 2235024.8190712207]"
185,"[-11001581.25001571, 2235048.6316188457]"
186,"[-11001615.645917835, 2235104.1942299707]"
187,"[-11001644.75014271, 2235098.9025527206]"
188,"[-11001644.75014271, 2235130.652616221]"
189,"[-11001615.645917835, 2235128.0067775957]"
190,"[-11001708.25026971, 2235122.7151003457]"
191,"[-11001678.352293247, 2235142.0297223087]"
192,"[-11001713.277363097, 2235215.054868359]"
193,"[-11001721.744046697, 2235178.0131276087]"
194,"[-11001756.669116547, 2235178.0131276087]"
195,"[-11001754.552445648, 2235238.338248259]"
196,"[-11001543.943691097, 2235390.7385530598]"
197,"[-11001514.310298497, 2235339.938451459]"
198,"[-11001483.618570447, 2235316.6550715594]"
199,"[-11001547.118697448, 2235479.63873086]"
200,"[-11001327.514091572, 2235155.7880831584]"
201,"[-11001353.972477822, 2235163.7255990333]"
202,"[-11001348.680800572, 2235343.6426255344]"
203,"[-11001430.701797947, 2235351.5801414093]"
204,"[-11001420.118443448, 2235475.934556785]"
205,"[-11001380.430864073, 2235428.309461535]"
206,"[-11001332.805768823, 2235467.99704091]"
207,"[-11001306.347382572, 2235515.6221361603]"
208,"[-11001512.722795323, 2235637.330712911]"
209,"[-11001573.5770837, 2235629.393197036]"
210,"[-11001618.556340324, 2235658.497421911]"
211,"[-11001626.4938562, 2235751.101773787]"
212,"[-11000672.933615744, 2236217.2985395086]"
213,"[-11002329.757762726, 2235619.339010255]"
214,"[-11002229.215894977, 2235666.964105505]"
215,"[-11002081.048931975, 2235786.026843631]"
216,"[-11001724.654469185, 2236140.5692193834]"
217,"[-11001734.444072098, 2236151.152573883]"
218,"[-11001766.194135599, 2236394.5697273845]"
219,"[-11001787.3608446, 2236373.4030183842]"
220,"[-11001693.168989548, 2236662.8577639614]"
221,"[-11001700.577337697, 2236638.516048611]"
222,"[-11001935.527807599, 2236602.532643311]"
223,"[-11002026.544656299, 2236348.53213531]"
224,"[-11001969.394542, 2236330.54043266]"
225,"[-11001954.577845698, 2236226.8235585596]"
226,"[-11002185.2949738, 2236166.4984379094]"
227,"[-11002809.421847055, 2235826.5610913723]"
228,"[-11002814.713524304, 2235808.5693887225]"
229,"[-11002796.721821655, 2235801.1610405724]"
230,"[-11002791.430144405, 2235820.211078672]"
231,"[-11002615.746459704, 2235891.1195538226]"
232,"[-11002622.096472405, 2235869.952844823]"
233,"[-11002494.037882954, 2235897.4695665226]"
234,"[-11002486.629534803, 2235883.7112056725]"
235,"[-11002676.071580354, 2236091.1449538735]"
236,"[-11002681.363257604, 2236242.486923224]"
237,"[-11002640.934843412, 2236487.385746354]"
238,"[-11002829.053969651, 2236443.9939929033]"
239,"[-11003346.712296635, 2236067.0501834624]"
240,"[-11003340.097700074, 2236059.906419175]"
241,"[-11002642.345957343, 2234922.063518484]"
242,"[-11002795.143137936, 2234892.2978339526]"
243,"[-11002414.80383558, 2234808.4247495495]"
244,"[-11002561.383295406, 2234802.6039045746]"
245,"[-11002942.384057406, 2234425.836484373]"
246,"[-11003113.834400307, 2234461.819889673]"
247,"[-11003145.584463809, 2234459.703218773]"
248,"[-11003228.134628909, 2234423.719813473]"
249,"[-11003162.517831009, 2234601.5201690737]"
250,"[-11003401.701642709, 2234698.887030474]"
251,"[-11003422.86835171, 2234684.070334174]"
252,"[-11003532.935238509, 2234694.653688674]"
253,"[-11003120.184413008, 2234993.104285575]"
254,"[-11003145.584463809, 2235007.920981875]"
255,"[-11003122.301083907, 2235029.0876908754]"
256,"[-11004622.610647038, 2234776.5423941193]"
257,"[-11004630.548162911, 2234705.1047512437]"
258,"[-11004725.798353413, 2234607.2087221183]"
259,"[-11004868.673639163, 2234803.0007803696]"
260,"[-11005440.174782164, 2234800.3549417444]"
261,"[-11006627.979935557, 2235329.5226667505]"
262,"[-11006798.63652687, 2235578.231497502]"
263,"[-11006875.365846995, 2235553.0960305645]"
264,"[-11006901.824233245, 2235592.7836099397]"
265,"[-11006942.834731933, 2235754.1797660654]"
266,"[-11006834.355348308, 2235976.4302105666]"
267,"[-11006753.657270243, 2235829.586166878]"
268,"[-11006518.177632619, 2235738.3047343153]"
269,"[-11006564.479808556, 2235742.273492253]"
270,"[-11006564.479808556, 2235809.742377191]"
271,"[-11006547.281857492, 2235898.377971129]"
272,"[-11006332.968928866, 2235877.211262129]"
273,"[-11007061.897470063, 2235525.314725002]"
274,"[-11007100.262130124, 2235546.4814340016]"
275,"[-11007224.6165455, 2235639.0857858774]"
276,"[-11007216.679029625, 2235616.596157565]"
277,"[-11007188.897724062, 2235606.9388465844]"
278,"[-11007097.6162915, 2235783.2839909405]"
279,"[-11007419.08568444, 2235587.4919326897]"
280,"[-11007419.08568444, 2235668.1900107525]"
281,"[-11007333.095929127, 2235830.909086191]"
282,"[-11007346.325122252, 2235915.5759221916]"
283,"[-11007457.714928368, 2235963.201017432]"
284,"[-11007373.048092367, 2235940.7113891193]"
285,"[-11007267.214547366, 2236004.21151612]"
286,"[-11007133.599696802, 2236096.8158679954]"
287,"[-11006571.888156705, 2236072.4741526446]"
288,"[-11006407.846161954, 2236020.880299457]"
289,"[-11006360.221066704, 2235990.4531552694]"
290,"[-11006341.700196328, 2236005.0052677067]"
291,"[-11006241.158328578, 2236007.651106332]"
292,"[-11006235.866651328, 2235952.0884952066]"
293,"[-11006190.887394702, 2235932.244705519]"
294,"[-11006175.012362953, 2235926.953028269]"
295,"[-11006131.35602564, 2236188.8910521455]"
296,"[-11006181.626959516, 2236207.4119225205]"
297,"[-11006254.387521703, 2236179.630616958]"
298,"[-11006216.02286164, 2236310.599628896]"
299,"[-11006223.960377516, 2236371.4539172715]"
300,"[-11006237.189570641, 2236419.079012522]"
301,"[-11006264.970876204, 2236495.808332647]"
302,"[-11006423.721193705, 2236437.599882897]"
303,"[-11006430.335790267, 2236473.3187043346]"
304,"[-11006472.669208268, 2236514.329203022]"
305,"[-11006600.99238158, 2236444.2144794594]"
306,"[-11006553.36728633, 2236386.0060297092]"
307,"[-11006639.357041642, 2236427.016528397]"
308,"[-11006688.305056205, 2236395.2664648965]"
309,"[-11006693.596733456, 2236346.318450334]"
310,"[-11006656.554992706, 2236333.0892572086]"
311,"[-11006612.898655392, 2236294.7245971463]"
312,"[-11006627.45076783, 2236266.9432915836]"
313,"[-11006593.054865705, 2236269.5891302084]"
314,"[-11006575.856914643, 2236229.901550833]"
315,"[-11006706.825926581, 2236199.4744066456]"
316,"[-11006726.669716269, 2236166.401423833]"
317,"[-11006849.701212332, 2236253.714098458]"
318,"[-11006802.076117082, 2236235.193228083]"
319,"[-11007090.207943344, 2236460.3540950706]"
320,"[-11007014.007790944, 2236581.004336371]"
321,"[-11006969.557702044, 2236458.237424171]"
322,"[-11006080.555924041, 2236225.40362517]"
323,"[-11005974.72237904, 2236136.5034473697]"
324,"[-11005961.228602052, 2236305.83711937]"
325,"[-11005933.447296489, 2236289.168336032]"
326,"[-11005879.47218854, 2236271.705801107]"
327,"[-11005341.308612214, 2235716.608857579]"
328,"[-11006789.534841992, 2236695.304564961]"
329,"[-11006723.918044092, 2236731.287970261]"
330,"[-11006545.588520767, 2236647.679469711]"
331,"[-11006474.680045618, 2236628.629431611]"
332,"[-11006452.455001166, 2236618.0460771113]"
333,"[-11006450.338330267, 2236661.4378305613]"
334,"[-11006449.279994817, 2236751.3963438114]"
335,"[-11006415.413260417, 2236712.2379321614]"
336,"[-11006401.654899567, 2236644.504463361]"
337,"[-11006381.546526017, 2236623.337754361]"
338,"[-11006364.613158816, 2236615.9294062112]"
339,"[-11006277.829651916, 2236573.5959882108]"
340,"[-11006283.121329166, 2236551.370943761]"
341,"[-11006265.129626516, 2236563.012633711]"
342,"[-11006260.896284716, 2236612.754399861]"
343,"[-11006252.429601116, 2236646.621134261]"
344,"[-11006245.021252966, 2236679.4295332115]"
345,"[-11006287.354670966, 2236652.971146961]"
346,"[-11006305.346373616, 2236692.129558611]"
347,"[-11006351.913133416, 2236697.4212358613]"
348,"[-11006245.021252966, 2236786.321413662]"
349,"[-11006265.129626516, 2236807.4881226616]"
350,"[-11006364.613158816, 2236832.888173462]"
351,"[-11006346.621456167, 2236823.363154412]"
352,"[-11006237.612904817, 2236827.596496212]"
353,"[-11006211.154518565, 2236845.588198862]"
354,"[-11006177.287784167, 2236833.946508912]"
355,"[-11006228.087885765, 2236865.696572412]"
356,"[-11006171.996106915, 2236909.0883258623]"
357,"[-11006194.221151367, 2236942.9550602622]"
358,"[-11006270.421303766, 2236884.746610512]"
359,"[-11006360.379817016, 2236891.096623212]"
360,"[-11006418.588266768, 2236921.788351262]"
361,"[-11006385.779867817, 2236942.9550602622]"
362,"[-11006347.679791616, 2236944.0133957122]"
363,"[-11006313.813057216, 2236934.488376662]"
364,"[-11006261.954620166, 2236944.0133957122]"
365,"[-11006427.054950368, 2237064.6636370127]"
366,"[-11006544.045114903, 2237199.204531096]"
367,"[-11006449.853259852, 2237245.771290896]"
368,"[-11006495.361684201, 2237095.4876569957]"
369,"[-11006468.903297951, 2237101.8376696957]"
370,"[-11006339.78637305, 2237092.3126506456]"
371,"[-11006262.5278852, 2237102.8960051457]"
372,"[-11006224.427809, 2237096.5459924457]"
373,"[-11006213.8444545, 2237128.2960559456]"
374,"[-11006225.486144451, 2237179.0961575457]"
375,"[-11006206.43610635, 2237206.612879246]"
376,"[-11006121.240102623, 2236766.874499769]"
377,"[-11006118.594263997, 2236610.770020893]"
378,"[-11006113.302586747, 2236576.3741187677]"
379,"[-11005962.489785122, 2236547.2698938926]"
380,"[-11005734.947663369, 2236211.248388516]"
381,"[-11005737.593501994, 2236184.7900022655]"
382,"[-11005721.718470244, 2236496.998960017]"
383,"[-11005679.385052245, 2236557.8532483927]"
384,"[-11005592.072377618, 2236563.1449256428]"
385,"[-11005771.98940412, 2236700.7285341434]"
386,"[-11005758.760210995, 2236647.8117616433]"
387,"[-11005727.010147495, 2236740.4161135186]"
388,"[-11005724.36430887, 2236698.0826955186]"
389,"[-11005605.301570743, 2236452.019703392]"
390,"[-11005578.843184493, 2236536.6865393925]"
391,"[-11005502.113864368, 2236592.249150518]"
392,"[-11005467.717962243, 2236573.728280143]"
393,"[-11005480.947155368, 2236534.0407007677]"
394,"[-11005515.343057493, 2236523.4573462675]"
395,"[-11005496.822187118, 2236481.123928267]"
396,"[-11005377.759448992, 2236475.832251017]"
397,"[-11005372.467771742, 2236449.373864767]"
398,"[-11005451.842930492, 2236414.977962642]"
399,"[-11005557.676475493, 2236367.3528673914]"
400,"[-11005404.217835242, 2236372.6445446415]"
401,"[-11005380.405287618, 2236399.102930892]"
402,"[-11005338.071869617, 2236354.1236742665]"
403,"[-11005393.634480743, 2236332.9569652663]"
404,"[-11005417.447028367, 2236322.373610766]"
405,"[-11005462.426284993, 2236325.0194493914]"
406,"[-11005430.676221494, 2236187.4358408903]"
407,"[-11005462.426284993, 2236729.8327590185]"
408,"[-11005414.801189743, 2236700.7285341434]"
409,"[-11005406.863673868, 2236639.874245768]"
410,"[-11005383.051126242, 2236716.6035658936]"
411,"[-11005369.821933117, 2236684.8535023932]"
412,"[-11005327.488515116, 2236666.3326320183]"
413,"[-11005290.446774367, 2236713.9577272683]"
414,"[-11005271.925903993, 2236663.6867933935]"
415,"[-11005229.592485992, 2236613.415859518]"
416,"[-11005205.779938366, 2236658.3951161434]"
417,"[-11005256.050872242, 2236745.7077907687]"
418,"[-11005248.113356367, 2236282.686031391]"
419,"[-11005248.113356367, 2236229.7692588908]"
420,"[-11005174.933869729, 2236266.9212429174]"
421,"[-11005042.641938478, 2236404.5048514176]"
422,"[-11005000.308520477, 2236438.900753543]"
423,"[-11005116.725419978, 2236639.9844890437]"
424,"[-11005122.01709723, 2236608.2344255433]"
425,"[-11005037.350261228, 2236774.922258919]"
426,"[-11004679.632879125, 2236744.759698594]"
427,"[-11004743.133006126, 2236922.5600541946]"
428,"[-11004702.916259024, 2237080.2520362455]"
429,"[-11004644.707809275, 2237078.1353653455]"
430,"[-11004625.657771176, 2237054.8519854452]"
431,"[-11004713.499613525, 2237028.3935991954]"
432,"[-11004879.658279175, 2237146.927169596]"
433,"[-11004848.966551125, 2237137.4021505457]"
434,"[-11004818.274823075, 2237131.0521378457]"
435,"[-11004834.149854826, 2237104.5937515954]"
436,"[-11004870.133260125, 2237113.0604351955]"
437,"[-11004850.024886576, 2237065.4353399454]"
438,"[-11004534.640922477, 2235923.667778631]"
439,"[-11004536.757593377, 2235909.909417781]"
440,"[-11004506.065865327, 2235926.8427849812]"
441,"[-11004518.765890727, 2235899.326063281]"
442,"[-11004496.540846277, 2235896.151056931]"
443,"[-11004570.941828411, 2236855.7967262226]"
444,"[-11004535.223006973, 2236859.76548416]"
445,"[-11004060.559557645, 2236671.5471389736]"
446,"[-11004074.053334631, 2236689.803425486]"
447,"[-11004157.39725132, 2237023.1790922387]"
448,"[-11004212.166110858, 2237345.4422367597]"
449,"[-11003882.759202046, 2237244.635785147]"
450,"[-11003888.050879298, 2237223.469076147]"
451,"[-11003866.884170298, 2237240.402443347]"
452,"[-11003872.175847547, 2237219.235734347]"
453,"[-11003851.009138547, 2237232.994095197]"
454,"[-11003853.125809446, 2237215.0023925467]"
455,"[-11003893.342556547, 2237463.711223299]"
456,"[-11003895.459227446, 2237444.661185199]"
457,"[-11003880.642531147, 2237441.486178849]"
458,"[-11003877.467524797, 2237459.477881499]"
459,"[-11003967.150429856, 2236777.083027125]"
460,"[-11003975.087945731, 2236744.6715039685]"
461,"[-11003951.936857762, 2236771.791349875]"
462,"[-11003959.874373637, 2236740.041286375]"
463,"[-11004689.728958352, 2237256.905861771]"
464,"[-11004647.395540351, 2237272.7808935214]"
465,"[-11004429.113853786, 2237410.364502022]"
466,"[-11004417.207579974, 2237382.5831964593]"
467,"[-11004623.582992725, 2237397.135308897]"
468,"[-11004781.010390913, 2237435.4999689595]"
469,"[-11004994.000400227, 2237389.197793022]"
470,"[-11004997.969158165, 2237308.499714959]"
471,"[-11004720.156102538, 2237562.5002229605]"
472,"[-11004441.549295323, 2237561.1773036467]"
473,"[-11005112.533970628, 2236983.3261479447]"
474,"[-11004971.775355775, 2237837.4028560775]"
475,"[-11004912.508570574, 2237754.8526909766]"
476,"[-11004753.758253073, 2237833.1695142775]"
477,"[-11004707.191493273, 2237706.1692602765]"
478,"[-11004618.291315474, 2237676.535867676]"
479,"[-11004546.324504873, 2237646.9024750763]"
480,"[-11004417.207579972, 2237621.502424276]"
481,"[-11004523.041124972, 2237704.0525893765]"
482,"[-11004470.124352472, 2237693.4692348763]"
483,"[-11004321.95738947, 2237750.619349177]"
484,"[-11004271.157287871, 2237754.8526909766]"
485,"[-11004294.44066777, 2237837.4028560775]"
486,"[-11004330.247683829, 2237960.434352141]"
487,"[-11004319.002869671, 2238015.9969632663]"
488,"[-11004372.58110183, 2238023.934479141]"
489,"[-11004464.523994047, 2237984.246899766]"
490,"[-11004548.529370392, 2237867.168540609]"
491,"[-11004502.227194455, 2237861.215403703]"
492,"[-11004524.716822768, 2237823.512203296]"
493,"[-11004446.66458333, 2238049.8636976606]"
494,"[-11004395.732189797, 2238046.5563993794]"
495,"[-11004290.560104452, 2238144.452428505]"
496,"[-11004286.591346515, 2238100.7960911924]"
497,"[-11004246.242307484, 2238076.322083911]"
498,"[-11004244.919388171, 2238127.9159370987]"
499,"[-11004214.492243983, 2238119.3169615674]"
500,"[-11004220.44538089, 2238135.8534529735]"
501,"[-11004814.30386028, 2238000.783391168]"
502,"[-11004520.814210795, 2238479.0848686094]"
503,"[-11004493.826656818, 2238572.7475559353]"
504,"[-11004471.601612369, 2238661.6477337363]"
505,"[-11004449.376567919, 2238680.6977718365]"
506,"[-11004481.126631418, 2238690.2227908866]"
507,"[-11004389.051447269, 2238793.4104972626]"
508,"[-11004310.311289782, 2238339.384589208]"
509,"[-11004316.66130248, 2238306.047022532]"
510,"[-11004296.023761207, 2238312.3970352323]"
511,"[-11004189.661048481, 2238338.8554214826]"
512,"[-11004157.910984982, 2238481.201539508]"
513,"[-11004155.265146356, 2238952.4783153804]"
514,"[-11004126.690089205, 2238814.365539155]"
515,"[-11004072.714981254, 2238855.6406217054]"
516,"[-11004050.489936804, 2238846.1156026553]"
517,"[-11004287.160201808, 2238717.9688185826]"
518,"[-11003710.473215096, 2238691.9337665113]"
519,"[-11003727.406582296, 2238626.3169686105]"
520,"[-11003731.639924096, 2238596.68357601]"
521,"[-11003579.239619294, 2238772.367260712]"
522,"[-11003642.739746295, 2238698.2837792113]"
523,"[-11003653.323100794, 2238655.950361211]"
524,"[-11003528.439517694, 2238628.4336395105]"
525,"[-11003649.089758994, 2238607.2669305103]"
526,"[-11003653.323100794, 2238588.21689241]"
527,"[-11003636.389733594, 2238596.68357601]"
528,"[-11003583.472961094, 2238573.40019611]"
529,"[-11003621.573037295, 2238524.7167654093]"
530,"[-11003621.573037295, 2238503.550056409]"
531,"[-11003591.939644694, 2238520.4834236093]"
532,"[-11003215.17222449, 2238427.349904008]"
533,"[-11003627.923049994, 2238325.749700807]"
534,"[-11003632.156391794, 2238302.4663209068]"
535,"[-11003610.989682794, 2238300.3496500067]"
536,"[-11003539.022872193, 2238296.1163082067]"
537,"[-11003558.072910294, 2238241.082864806]"
538,"[-11003564.422922993, 2238217.799484906]"
539,"[-11003536.906201294, 2238236.849523006]"
540,"[-11003543.256213993, 2238209.3328013057]"
541,"[-11003773.973342096, 2238135.249319805]"
542,"[-11003778.206683896, 2238109.8492690045]"
543,"[-11003748.573291296, 2238128.8993071048]"
544,"[-11003752.806633096, 2238101.3825854044]"
545,"[-11003740.106607696, 2238025.1824330036]"
546,"[-11003799.373392897, 2237946.8656097027]"
547,"[-11003565.878134236, 2237895.5363403773]"
548,"[-11003546.828096136, 2237889.186327677]"
549,"[-11003384.505896492, 2238116.1992817046]"
550,"[-11003727.406582296, 2237755.941894548]"
551,"[-11003706.239873296, 2237749.591881848]"
552,"[-11003945.423684997, 2237739.008527348]"
553,"[-11002474.337409483, 2238166.152714966]"
554,"[-11002548.420890983, 2238081.485878965]"
555,"[-11002552.654232783, 2238062.4358408647]"
556,"[-11002866.133193078, 2237806.054078099]"
557,"[-11001598.511907835, 2237534.061867486]"
558,"[-11001659.36619621, 2237534.061867486]"
559,"[-11001759.90806396, 2237396.4782589856]"
560,"[-11001714.928807335, 2237385.8949044854]"
561,"[-11001632.90780996, 2237330.33229336]"
562,"[-11001627.616132708, 2237301.228068485]"
563,"[-11001773.137257084, 2237166.290298609]"
564,"[-11001778.428934334, 2237137.186073734]"
565,"[-11001794.303966084, 2237158.352782734]"
566,"[-11001799.595643334, 2237137.186073734]"
567,"[-11001844.57489996, 2237314.45726161]"
568,"[-11001863.095770335, 2237203.3320393595]"
569,"[-11002003.325217461, 2237105.4360102336]"
570,"[-11001976.866831211, 2237340.91564786]"
571,"[-11002259.971564088, 2237285.3530367347]"
572,"[-11002326.117529713, 2237227.1445869845]"
573,"[-11002328.763368338, 2237576.3952854862]"
574,"[-11001720.220484585, 2236991.664949358]"
575,"[-11001794.303966084, 2236944.039854108]"
576,"[-11002535.13878109, 2236634.476734981]"
577,"[-11006009.63995229, 2237211.74492431]"
578,"[-11006011.227455465, 2237192.69488621]"
579,"[-11005992.177417364, 2237200.632402085]"
580,"[-11006036.627506265, 2237000.6070020343]"
581,"[-11005936.61480624, 2237135.5447719097]"
582,"[-11005931.852296714, 2237156.1823131847]"
583,"[-11005909.627252264, 2237184.757370335]"
584,"[-11005860.41465384, 2237213.332427485]"
585,"[-11005857.239647489, 2237097.4446957097]"
586,"[-11005790.56451414, 2237119.6697401595]"
587,"[-11005947.727328464, 2237411.7703243606]"
588,"[-11005933.43979989, 2237327.6326560853]"
589,"[-11005757.226947464, 2237438.7578783357]"
590,"[-11005777.86448874, 2237405.4203116605]"
591,"[-11005788.977010963, 2237360.9702227605]"
592,"[-11005674.676782364, 2237075.2196512595]"
593,"[-11005663.564260138, 2236948.219397259]"
594,"[-11005687.376807764, 2236881.5442639086]"
595,"[-11005758.814450638, 2236906.944314709]"
596,"[-11004788.679531405, 2237281.258119867]"
597,"[-11004514.041482128, 2237347.9332532175]"
598,"[-11004128.57347839, 2237074.0401471155]"
599,"[-11004191.015269939, 2237066.6317989654]"
600,"[-11004149.74018739, 2237080.3901598155]"
601,"[-11004403.430118106, 2238167.2714602523]"
602,"[-11004304.502211927, 2238360.206012782]"
603,"[-11004531.328134105, 2235951.755856476]"
604,"[-11004581.069900256, 2235918.9474575254]"
605,"[-11004202.212267539, 2237929.043977745]"
606,"[-11004618.773100663, 2237926.6627229825]"
607,"[-11004651.31691575, 2237965.55655077]"
608,"[-11004636.235635588, 2238034.612938883]"
609,"[-11004153.793420698, 2237610.2733402033]"
610,"[-11004037.905688923, 2237570.585760828]"
611,"[-11003907.730428573, 2238002.3866244303]"
612,"[-11003987.220240328, 2238785.7312466805]"
613,"[-11003968.699369954, 2238778.455190462]"
614,"[-11003963.407692704, 2238789.0385449617]"
615,"[-11003740.720684826, 2238629.891351664]"
616,"[-11003747.864449114, 2238600.5225429265]"
617,"[-11003523.867751118, 2238604.8088014997]"
618,"[-11003502.357083095, 2238776.2591444016]"
619,"[-11002910.43006591, 2238840.023855263]"
620,"[-11002757.71226048, 2238324.4028240237]"
621,"[-11004774.736484705, 2238247.915853941]"
622,"[-11002583.406633278, 2238151.4551922684]"
623,"[-11001878.131889397, 2237502.483894326]"
624,"[-11002374.358923536, 2237171.2601763248]"
625,"[-11002318.79631241, 2237157.3695235434]"
626,"[-11001817.806768764, 2237152.4747220883]"
627,"[-11002538.259806914, 2236775.023793577]"
628,"[-11002544.609819613, 2236747.242488015]"
629,"[-11006300.615873288, 2237016.9262044616]"
630,"[-11006232.353236763, 2237141.5452036997]"
631,"[-11005916.440104937, 2237320.139310888]"
632,"[-11005910.090092236, 2237339.1893489882]"
633,"[-11005571.47566501, 2237171.7077640253]"
634,"[-11005586.556945173, 2237225.6828719755]"
635,"[-11005588.144448347, 2236822.4570655245]"
636,"[-11005587.350696761, 2236954.21982905]"
637,"[-11005560.363142785, 2237279.657979925]"
638,"[-11005615.132002322, 2237294.7392600877]"
639,"[-11005648.469568998, 2236994.7011600123]"
640,"[-11004986.956995973, 2236964.538599687]"
641,"[-11004481.49598505, 2236885.5603167308]"
642,"[-11004518.008558074, 2236947.4729405562]"
643,"[-11004553.727379512, 2237068.916933444]"
644,"[-11004725.971474, 2236978.4292524685]"
645,"[-11004864.878001813, 2236999.860545331]"
646,"[-11004905.359332776, 2237011.7668191437]"
647,"[-11002637.522852669, 2236091.0590749495]"
648,"[-11001987.30801057, 2236197.1572038135]"
649,"[-11006682.348650647, 2236756.7520730034]"
650,"[-11006713.30496256, 2236779.770869041]"
651,"[-11006763.311312573, 2236761.5145825283]"
652,"[-11006201.335188625, 2236482.114023728]"
653,"[-11006333.09795215, 2236950.427460354]"
654,"[-11006333.891703738, 2236678.9644174282]"
655,"[-11006360.879257713, 2236654.358118216]"
656,"[-11006421.998129949, 2236496.401552303]"
657,"[-11006235.466506887, 2236734.5270285537]"
658,"[-11006506.929549813, 2236703.570716641]"
659,"[-11006517.24832045, 2236755.958321416]"
660,"[-11005737.784261523, 2236612.289284078]"
661,"[-11003188.254162464, 2235808.615801733]"
662,"[-11001544.156499285, 2235538.197865061]"
663,"[-11007147.35478905, 2236301.786892257]"
664,"[-11006678.776768565, 2236313.693166071]"
665,"[-11006706.558074128, 2236288.557699133]"
666,"[-11006836.204166753, 2236199.9221051955]"
667,"[-11005026.027213054, 2235056.919819197]"
668,"[-11005091.908594817, 2235527.6145105856]"
669,"[-11002675.643564267, 2234701.4943576828]"
670,"[-11002978.856670694, 2234672.9193005324]"
671,"[-11002622.462207906, 2234434.7938242815]"
672,"[-11004384.855316019, 2234409.287939939]"
673,"[-11003787.954122217, 2234195.768762901]"
674,"[-11004769.295668235, 2234151.054090136]"
675,"[-11004716.114311872, 2234151.8478417234]"
676,"[-11001386.38995437, 2233426.806401851]"
677,"[-11001331.4888029, 2233416.8845070074]"
678,"[-11001371.176382275, 2233275.33214057]"
679,"[-11001208.457306836, 2233223.7382873828]"
680,"[-11006175.62244951, 2233730.813259866]"
681,"[-11005317.576983418, 2233894.326086891]"
682,"[-11004848.258128123, 2232199.401863709]"
683,"[-11004904.614490837, 2232213.689392284]"
684,"[-11003020.154978085, 2235457.5131771374]"
685,"[-11003020.816437742, 2235441.638145387]"
686,"[-11002964.59236696, 2235399.304727387]"
687,"[-11005382.95920272, 2233674.4782981686]"
688,"[-11006065.309323343, 2236940.593998011]"
689,"[-11006527.304166555, 2236377.261330549]"
690,"[-11006160.958187286, 2236183.895585633]"
691,"[-11006173.658212684, 2236144.2080062577]"
692,"[-11006086.34553806, 2236180.720579283]"
693,"[-11005895.845157059, 2236217.233152308]"
694,"[-11001396.920699721, 2234841.459758487]"
695,"[-11001392.951941783, 2234816.324291549]"
696,"[-11004873.46683951, 2232293.497288628]"
697,"[-11004906.316765243, 2232451.7356520654]"
698,"[-11002086.117932083, 2233622.78901482]"
699,"[-11003606.347166708, 2238654.874169667]"
700,"[-11003594.260093953, 2238364.8902563653]"
701,"[-11003573.75484461, 2238315.942241802]"
702,"[-11004800.49792313, 2237783.3349265764]"
703,"[-11005011.635845412, 2238032.572925058]"
704,"[-11005887.426069323, 2237228.101281363]"
705,"[-11005834.059504267, 2236865.691945418]"
706,"[-11005924.018017525, 2236897.4420089205]"
707,"[-11005557.833951797, 2236445.5327717373]"
708,"[-11002772.603728367, 2235507.230200618]"
709,"[-11002777.366237892, 2235496.1176783917]"
710,"[-11007206.366481598, 2235600.5286441874]"
711,"[-11006527.047414547, 2235966.845001864]"
712,"[-11006597.294430047, 2235983.5137852035]"
713,"[-11006599.741830777, 2235476.7033965243]"
